variable name,2020,2019,2018,2017,2016,2015,2014,2013,2012,2011,2010,2000sf1,2000sf3
female,B01001_026,B01001_026,B01001_026,B01001_026,B01001_026,B01001_026,B01001_026,B01001_026,B01001_026,B01001_026,B01001_026,P012026,
male,B01001_002,B01001_002,B01001_002,B01001_002,B01001_002,B01001_002,B01001_002,B01001_002,B01001_002,B01001_002,B01001_002,P012002,
male_white,B01001A_002,B01001A_002,B01001A_002,B01001A_002,B01001A_002,B01001A_002,B01001A_002,B01001A_002,B01001A_002,B01001A_002,B01001A_002,P012A002,
female_white,B01001A_017,B01001A_017,B01001A_017,B01001A_017,B01001A_017,B01001A_017,B01001A_017,B01001A_017,B01001A_017,B01001A_017,B01001A_017,P012A026,
male_black,B01001B_002,B01001B_002,B01001B_002,B01001B_002,B01001B_002,B01001B_002,B01001B_002,B01001B_002,B01001B_002,B01001B_002,B01001B_002,P012B002,
female_black,B01001B_017,B01001B_017,B01001B_017,B01001B_017,B01001B_017,B01001B_017,B01001B_017,B01001B_017,B01001B_017,B01001B_017,B01001B_017,P012B026,
male_aian,B01001C_002,B01001C_002,B01001C_002,B01001C_002,B01001C_002,B01001C_002,B01001C_002,B01001C_002,B01001C_002,B01001C_002,B01001C_002,P012C002,
female_aian,B01001C_017,B01001C_017,B01001C_017,B01001C_017,B01001C_017,B01001C_017,B01001C_017,B01001C_017,B01001C_017,B01001C_017,B01001C_017,P012C026,
male_asian,B01001D_002,B01001D_002,B01001D_002,B01001D_002,B01001D_002,B01001D_002,B01001D_002,B01001D_002,B01001D_002,B01001D_002,B01001D_002,P012D002,
female_asian,B01001D_017,B01001D_017,B01001D_017,B01001D_017,B01001D_017,B01001D_017,B01001D_017,B01001D_017,B01001D_017,B01001D_017,B01001D_017,P012D026,
male_nhopi,B01001E_002,B01001E_002,B01001E_002,B01001E_002,B01001E_002,B01001E_002,B01001E_002,B01001E_002,B01001E_002,B01001E_002,B01001E_002,P012E002,
female_nhopi,B01001E_017,B01001E_017,B01001E_017,B01001E_017,B01001E_017,B01001E_017,B01001E_017,B01001E_017,B01001E_017,B01001E_017,B01001E_017,P012E026,
male_other,B01001F_002,B01001F_002,B01001F_002,B01001F_002,B01001F_002,B01001F_002,B01001F_002,B01001F_002,B01001F_002,B01001F_002,B01001F_002,P012F002,
female_other,B01001F_017,B01001F_017,B01001F_017,B01001F_017,B01001F_017,B01001F_017,B01001F_017,B01001F_017,B01001F_017,B01001F_017,B01001F_017,P012F026,
male_multi,B01001G_002,B01001G_002,B01001G_002,B01001G_002,B01001G_002,B01001G_002,B01001G_002,B01001G_002,B01001G_002,B01001G_002,B01001G_002,P012G002,
female_multi,B01001G_017,B01001G_017,B01001G_017,B01001G_017,B01001G_017,B01001G_017,B01001G_017,B01001G_017,B01001G_017,B01001G_017,B01001G_017,P012G026,
male_white_nohisp,B01001H_002,B01001H_002,B01001H_002,B01001H_002,B01001H_002,B01001H_002,B01001H_002,B01001H_002,B01001H_002,B01001H_002,B01001H_002,P012I002,
female_white_nohisp,B01001H_017,B01001H_017,B01001H_017,B01001H_017,B01001H_017,B01001H_017,B01001H_017,B01001H_017,B01001H_017,B01001H_017,B01001H_017,P012I026,
male_hisp,B01001I_002,B01001I_002,B01001I_002,B01001I_002,B01001I_002,B01001I_002,B01001I_002,B01001I_002,B01001I_002,B01001I_002,B01001I_002,P012H002,
female_hisp,B01001I_017,B01001I_017,B01001I_017,B01001I_017,B01001I_017,B01001I_017,B01001I_017,B01001I_017,B01001I_017,B01001I_017,B01001I_017,P012H026,
white,B02001_002,B02001_002,B02001_002,B02001_002,B02001_002,B02001_002,B02001_002,B02001_002,B02001_002,B02001_002,B02001_002,P012A001,
black,B02001_003,B02001_003,B02001_003,B02001_003,B02001_003,B02001_003,B02001_003,B02001_003,B02001_003,B02001_003,B02001_003,P012B001,
hisp,B03003_003,B03003_003,B03003_003,B03003_003,B03003_003,B03003_003,B03003_003,B03003_003,B03003_003,B03003_003,B03003_003,P012H001,
male_white_lths,C15002A_003,C15002A_003,C15002A_003,C15002A_003,C15002A_003,C15002A_003,C15002A_003,C15002A_003,C15002A_003,C15002A_003,C15002A_003,,
male_white_lths_a,,,,,,,,,,,,,P148A003
male_white_lths_b,,,,,,,,,,,,,P148A004
male_white_hs,C15002A_004,C15002A_004,C15002A_004,C15002A_004,C15002A_004,C15002A_004,C15002A_004,C15002A_004,C15002A_004,C15002A_004,C15002A_004,,P148A005
male_white_somecoll,C15002A_005,C15002A_005,C15002A_005,C15002A_005,C15002A_005,C15002A_005,C15002A_005,C15002A_005,C15002A_005,C15002A_005,C15002A_005,,
male_white_somecoll_a,,,,,,,,,,,,,P148A006
male_white_somecoll_b,,,,,,,,,,,,,P148A007
male_white_collplus,C15002A_006,C15002A_006,C15002A_006,C15002A_006,C15002A_006,C15002A_006,C15002A_006,C15002A_006,C15002A_006,C15002A_006,C15002A_006,,
male_white_collplus_a,,,,,,,,,,,,,P148A008
male_white_collplus_b,,,,,,,,,,,,,P148A009
female_white_lths,C15002A_008,C15002A_008,C15002A_008,C15002A_008,C15002A_008,C15002A_008,C15002A_008,C15002A_008,C15002A_008,C15002A_008,C15002A_008,,
female_white_lths_a,,,,,,,,,,,,,P148A011
female_white_lths_b,,,,,,,,,,,,,P148A012
female_white_hs,C15002A_009,C15002A_009,C15002A_009,C15002A_009,C15002A_009,C15002A_009,C15002A_009,C15002A_009,C15002A_009,C15002A_009,C15002A_009,,P148A013
female_white_somecoll,C15002A_010,C15002A_010,C15002A_010,C15002A_010,C15002A_010,C15002A_010,C15002A_010,C15002A_010,C15002A_010,C15002A_010,C15002A_010,,
female_white_somecoll_a,,,,,,,,,,,,,P148A014
female_white_somecoll_b,,,,,,,,,,,,,P148A015
female_white_collplus,C15002A_011,C15002A_011,C15002A_011,C15002A_011,C15002A_011,C15002A_011,C15002A_011,C15002A_011,C15002A_011,C15002A_011,C15002A_011,,
female_white_collplus_a,,,,,,,,,,,,,P148A016
female_white_collplus_b,,,,,,,,,,,,,P148A017
male_black_lths,C15002B_003,C15002B_003,C15002B_003,C15002B_003,C15002B_003,C15002B_003,C15002B_003,C15002B_003,C15002B_003,C15002B_003,C15002B_003,,
male_black_lths_a,,,,,,,,,,,,,P148B003
male_black_lths_b,,,,,,,,,,,,,P148B004
male_black_hs,C15002B_004,C15002B_004,C15002B_004,C15002B_004,C15002B_004,C15002B_004,C15002B_004,C15002B_004,C15002B_004,C15002B_004,C15002B_004,,P148B005
male_black_somecoll,C15002B_005,C15002B_005,C15002B_005,C15002B_005,C15002B_005,C15002B_005,C15002B_005,C15002B_005,C15002B_005,C15002B_005,C15002B_005,,
male_black_somecoll_a,,,,,,,,,,,,,P148B006
male_black_somecoll_b,,,,,,,,,,,,,P148B007
male_black_collplus,C15002B_006,C15002B_006,C15002B_006,C15002B_006,C15002B_006,C15002B_006,C15002B_006,C15002B_006,C15002B_006,C15002B_006,C15002B_006,,
male_black_collplus_a,,,,,,,,,,,,,P148B008
male_black_collplus_b,,,,,,,,,,,,,P148B009
female_black_lths,C15002B_008,C15002B_008,C15002B_008,C15002B_008,C15002B_008,C15002B_008,C15002B_008,C15002B_008,C15002B_008,C15002B_008,C15002B_008,,
female_black_lths_a,,,,,,,,,,,,,P148B011
female_black_lths_b,,,,,,,,,,,,,P148B012
female_black_hs,C15002B_009,C15002B_009,C15002B_009,C15002B_009,C15002B_009,C15002B_009,C15002B_009,C15002B_009,C15002B_009,C15002B_009,C15002B_009,,P148B013
female_black_somecoll,C15002B_010,C15002B_010,C15002B_010,C15002B_010,C15002B_010,C15002B_010,C15002B_010,C15002B_010,C15002B_010,C15002B_010,C15002B_010,,
female_black_somecoll_a,,,,,,,,,,,,,P148B014
female_black_somecoll_b,,,,,,,,,,,,,P148B015
female_black_collplus,C15002B_011,C15002B_011,C15002B_011,C15002B_011,C15002B_011,C15002B_011,C15002B_011,C15002B_011,C15002B_011,C15002B_011,C15002B_011,,
female_black_collplus_a,,,,,,,,,,,,,P148B016
female_black_collplus_b,,,,,,,,,,,,,P148B017
male_aian_lths,C15002C_003,C15002C_003,C15002C_003,C15002C_003,C15002C_003,C15002C_003,C15002C_003,C15002C_003,C15002C_003,C15002C_003,C15002C_003,,
male_aian_lths_a,,,,,,,,,,,,,P148C003
male_aian_lths_b,,,,,,,,,,,,,P148C004
male_aian_hs,C15002C_004,C15002C_004,C15002C_004,C15002C_004,C15002C_004,C15002C_004,C15002C_004,C15002C_004,C15002C_004,C15002C_004,C15002C_004,,P148C005
male_aian_somecoll,C15002C_005,C15002C_005,C15002C_005,C15002C_005,C15002C_005,C15002C_005,C15002C_005,C15002C_005,C15002C_005,C15002C_005,C15002C_005,,
male_aian_somecoll_a,,,,,,,,,,,,,P148C006
male_aian_somecoll_b,,,,,,,,,,,,,P148C007
male_aian_collplus,C15002C_006,C15002C_006,C15002C_006,C15002C_006,C15002C_006,C15002C_006,C15002C_006,C15002C_006,C15002C_006,C15002C_006,C15002C_006,,
male_aian_collplus_a,,,,,,,,,,,,,P148C008
male_aian_collplus_b,,,,,,,,,,,,,P148C009
female_aian_lths,C15002C_008,C15002C_008,C15002C_008,C15002C_008,C15002C_008,C15002C_008,C15002C_008,C15002C_008,C15002C_008,C15002C_008,C15002C_008,,
female_aian_lths_a,,,,,,,,,,,,,P148C011
female_aian_lths_b,,,,,,,,,,,,,P148C012
female_aian_hs,C15002C_009,C15002C_009,C15002C_009,C15002C_009,C15002C_009,C15002C_009,C15002C_009,C15002C_009,C15002C_009,C15002C_009,C15002C_009,,P148C013
female_aian_somecoll,C15002C_010,C15002C_010,C15002C_010,C15002C_010,C15002C_010,C15002C_010,C15002C_010,C15002C_010,C15002C_010,C15002C_010,C15002C_010,,
female_aian_somecoll_a,,,,,,,,,,,,,P148C014
female_aian_somecoll_b,,,,,,,,,,,,,P148C015
female_aian_collplus,C15002C_011,C15002C_011,C15002C_011,C15002C_011,C15002C_011,C15002C_011,C15002C_011,C15002C_011,C15002C_011,C15002C_011,C15002C_011,,
female_aian_collplus_a,,,,,,,,,,,,,P148C016
female_aian_collplus_b,,,,,,,,,,,,,P148C017
male_asian_lths,C15002D_003,C15002D_003,C15002D_003,C15002D_003,C15002D_003,C15002D_003,C15002D_003,C15002D_003,C15002D_003,C15002D_003,C15002D_003,,
male_asian_lths_a,,,,,,,,,,,,,P148D003
male_asian_lths_b,,,,,,,,,,,,,P148D004
male_asian_hs,C15002D_004,C15002D_004,C15002D_004,C15002D_004,C15002D_004,C15002D_004,C15002D_004,C15002D_004,C15002D_004,C15002D_004,C15002D_004,,P148D005
male_asian_somecoll,C15002D_005,C15002D_005,C15002D_005,C15002D_005,C15002D_005,C15002D_005,C15002D_005,C15002D_005,C15002D_005,C15002D_005,C15002D_005,,
male_asian_somecoll_a,,,,,,,,,,,,,P148D006
male_asian_somecoll_b,,,,,,,,,,,,,P148D007
male_asian_collplus,C15002D_006,C15002D_006,C15002D_006,C15002D_006,C15002D_006,C15002D_006,C15002D_006,C15002D_006,C15002D_006,C15002D_006,C15002D_006,,
male_asian_collplus_a,,,,,,,,,,,,,P148D008
male_asian_collplus_b,,,,,,,,,,,,,P148D009
female_asian_lths,C15002D_008,C15002D_008,C15002D_008,C15002D_008,C15002D_008,C15002D_008,C15002D_008,C15002D_008,C15002D_008,C15002D_008,C15002D_008,,
female_asian_lths_a,,,,,,,,,,,,,P148D011
female_asian_lths_b,,,,,,,,,,,,,P148D012
female_asian_hs,C15002D_009,C15002D_009,C15002D_009,C15002D_009,C15002D_009,C15002D_009,C15002D_009,C15002D_009,C15002D_009,C15002D_009,C15002D_009,,P148D013
female_asian_somecoll,C15002D_010,C15002D_010,C15002D_010,C15002D_010,C15002D_010,C15002D_010,C15002D_010,C15002D_010,C15002D_010,C15002D_010,C15002D_010,,
female_asian_somecoll_a,,,,,,,,,,,,,P148D014
female_asian_somecoll_b,,,,,,,,,,,,,P148D015
female_asian_collplus,C15002D_011,C15002D_011,C15002D_011,C15002D_011,C15002D_011,C15002D_011,C15002D_011,C15002D_011,C15002D_011,C15002D_011,C15002D_011,,
female_asian_collplus_a,,,,,,,,,,,,,P148D016
female_asian_collplus_b,,,,,,,,,,,,,P148D017
male_nhopi_lths,C15002E_003,C15002E_003,C15002E_003,C15002E_003,C15002E_003,C15002E_003,C15002E_003,C15002E_003,C15002E_003,C15002E_003,C15002E_003,,
male_nhopi_lths_a,,,,,,,,,,,,,P148E003
male_nhopi_lths_b,,,,,,,,,,,,,P148E004
male_nhopi_hs,C15002E_004,C15002E_004,C15002E_004,C15002E_004,C15002E_004,C15002E_004,C15002E_004,C15002E_004,C15002E_004,C15002E_004,C15002E_004,,P148E005
male_nhopi_somecoll,C15002E_005,C15002E_005,C15002E_005,C15002E_005,C15002E_005,C15002E_005,C15002E_005,C15002E_005,C15002E_005,C15002E_005,C15002E_005,,
male_nhopi_somecoll_a,,,,,,,,,,,,,P148E006
male_nhopi_somecoll_b,,,,,,,,,,,,,P148E007
male_nhopi_collplus,C15002E_006,C15002E_006,C15002E_006,C15002E_006,C15002E_006,C15002E_006,C15002E_006,C15002E_006,C15002E_006,C15002E_006,C15002E_006,,
male_nhopi_collplus_a,,,,,,,,,,,,,P148E008
male_nhopi_collplus_b,,,,,,,,,,,,,P148E009
female_nhopi_lths,C15002E_008,C15002E_008,C15002E_008,C15002E_008,C15002E_008,C15002E_008,C15002E_008,C15002E_008,C15002E_008,C15002E_008,C15002E_008,,
female_nhopi_lths_a,,,,,,,,,,,,,P148E011
female_nhopi_lths_b,,,,,,,,,,,,,P148E012
female_nhopi_hs,C15002E_009,C15002E_009,C15002E_009,C15002E_009,C15002E_009,C15002E_009,C15002E_009,C15002E_009,C15002E_009,C15002E_009,C15002E_009,,P148E013
female_nhopi_somecoll,C15002E_010,C15002E_010,C15002E_010,C15002E_010,C15002E_010,C15002E_010,C15002E_010,C15002E_010,C15002E_010,C15002E_010,C15002E_010,,
female_nhopi_somecoll_a,,,,,,,,,,,,,P148E014
female_nhopi_somecoll_b,,,,,,,,,,,,,P148E015
female_nhopi_collplus,C15002E_011,C15002E_011,C15002E_011,C15002E_011,C15002E_011,C15002E_011,C15002E_011,C15002E_011,C15002E_011,C15002E_011,C15002E_011,,
female_nhopi_collplus_a,,,,,,,,,,,,,P148E016
female_nhopi_collplus_b,,,,,,,,,,,,,P148E017
male_other_lths,C15002F_003,C15002F_003,C15002F_003,C15002F_003,C15002F_003,C15002F_003,C15002F_003,C15002F_003,C15002F_003,C15002F_003,C15002F_003,,
male_other_lths_a,,,,,,,,,,,,,P148F003
male_other_lths_b,,,,,,,,,,,,,P148F004
male_other_hs,C15002F_004,C15002F_004,C15002F_004,C15002F_004,C15002F_004,C15002F_004,C15002F_004,C15002F_004,C15002F_004,C15002F_004,C15002F_004,,P148F005
male_other_somecoll,C15002F_005,C15002F_005,C15002F_005,C15002F_005,C15002F_005,C15002F_005,C15002F_005,C15002F_005,C15002F_005,C15002F_005,C15002F_005,,
male_other_somecoll_a,,,,,,,,,,,,,P148F006
male_other_somecoll_b,,,,,,,,,,,,,P148F007
male_other_collplus,C15002F_006,C15002F_006,C15002F_006,C15002F_006,C15002F_006,C15002F_006,C15002F_006,C15002F_006,C15002F_006,C15002F_006,C15002F_006,,
male_other_collplus_a,,,,,,,,,,,,,P148F008
male_other_collplus_b,,,,,,,,,,,,,P148F009
female_other_lths,C15002F_008,C15002F_008,C15002F_008,C15002F_008,C15002F_008,C15002F_008,C15002F_008,C15002F_008,C15002F_008,C15002F_008,C15002F_008,,
female_other_lths_a,,,,,,,,,,,,,P148F011
female_other_lths_b,,,,,,,,,,,,,P148F012
female_other_hs,C15002F_009,C15002F_009,C15002F_009,C15002F_009,C15002F_009,C15002F_009,C15002F_009,C15002F_009,C15002F_009,C15002F_009,C15002F_009,,P148F013
female_other_somecoll,C15002F_010,C15002F_010,C15002F_010,C15002F_010,C15002F_010,C15002F_010,C15002F_010,C15002F_010,C15002F_010,C15002F_010,C15002F_010,,
female_other_somecoll_a,,,,,,,,,,,,,P148F014
female_other_somecoll_b,,,,,,,,,,,,,P148F015
female_other_collplus,C15002F_011,C15002F_011,C15002F_011,C15002F_011,C15002F_011,C15002F_011,C15002F_011,C15002F_011,C15002F_011,C15002F_011,C15002F_011,,
female_other_collplus_a,,,,,,,,,,,,,P148F016
female_other_collplus_b,,,,,,,,,,,,,P148F017
male_multi_lths,C15002G_003,C15002G_003,C15002G_003,C15002G_003,C15002G_003,C15002G_003,C15002G_003,C15002G_003,C15002G_003,C15002G_003,C15002G_003,,
male_multi_lths_a,,,,,,,,,,,,,P148G003
male_multi_lths_b,,,,,,,,,,,,,P148G004
male_multi_hs,C15002G_004,C15002G_004,C15002G_004,C15002G_004,C15002G_004,C15002G_004,C15002G_004,C15002G_004,C15002G_004,C15002G_004,C15002G_004,,P148G005
male_multi_somecoll,C15002G_005,C15002G_005,C15002G_005,C15002G_005,C15002G_005,C15002G_005,C15002G_005,C15002G_005,C15002G_005,C15002G_005,C15002G_005,,
male_multi_somecoll_a,,,,,,,,,,,,,P148G006
male_multi_somecoll_b,,,,,,,,,,,,,P148G007
male_multi_collplus,C15002G_006,C15002G_006,C15002G_006,C15002G_006,C15002G_006,C15002G_006,C15002G_006,C15002G_006,C15002G_006,C15002G_006,C15002G_006,,
male_multi_collplus_a,,,,,,,,,,,,,P148G008
male_multi_collplus_b,,,,,,,,,,,,,P148G009
female_multi_lths,C15002G_008,C15002G_008,C15002G_008,C15002G_008,C15002G_008,C15002G_008,C15002G_008,C15002G_008,C15002G_008,C15002G_008,C15002G_008,,
female_multi_lths_a,,,,,,,,,,,,,P148G011
female_multi_lths_b,,,,,,,,,,,,,P148G012
female_multi_hs,C15002G_009,C15002G_009,C15002G_009,C15002G_009,C15002G_009,C15002G_009,C15002G_009,C15002G_009,C15002G_009,C15002G_009,C15002G_009,,P148G013
female_multi_somecoll,C15002G_010,C15002G_010,C15002G_010,C15002G_010,C15002G_010,C15002G_010,C15002G_010,C15002G_010,C15002G_010,C15002G_010,C15002G_010,,
female_multi_somecoll_a,,,,,,,,,,,,,P148G014
female_multi_somecoll_b,,,,,,,,,,,,,P148G015
female_multi_collplus,C15002G_011,C15002G_011,C15002G_011,C15002G_011,C15002G_011,C15002G_011,C15002G_011,C15002G_011,C15002G_011,C15002G_011,C15002G_011,,
female_multi_collplus_a,,,,,,,,,,,,,P148G016
female_multi_collplus_b,,,,,,,,,,,,,P148G017
male_white_nohisp_lths,C15002H_003,C15002H_003,C15002H_003,C15002H_003,C15002H_003,C15002H_003,C15002H_003,C15002H_003,C15002H_003,C15002H_003,C15002H_003,,
male_white_nohisp_lths_a,,,,,,,,,,,,,P148I003
male_white_nohisp_lths_b,,,,,,,,,,,,,P148I004
male_white_nohisp_hs,C15002H_004,C15002H_004,C15002H_004,C15002H_004,C15002H_004,C15002H_004,C15002H_004,C15002H_004,C15002H_004,C15002H_004,C15002H_004,,P148I005
male_white_nohisp_somecoll,C15002H_005,C15002H_005,C15002H_005,C15002H_005,C15002H_005,C15002H_005,C15002H_005,C15002H_005,C15002H_005,C15002H_005,C15002H_005,,
male_white_nohisp_somecoll_a,,,,,,,,,,,,,P148I006
male_white_nohisp_somecoll_b,,,,,,,,,,,,,P148I007
male_white_nohisp_collplus,C15002H_006,C15002H_006,C15002H_006,C15002H_006,C15002H_006,C15002H_006,C15002H_006,C15002H_006,C15002H_006,C15002H_006,C15002H_006,,
male_white_nohisp_collplus_a,,,,,,,,,,,,,P148I008
male_white_nohisp_collplus_b,,,,,,,,,,,,,P148I009
female_white_nohisp_lths,C15002H_008,C15002H_008,C15002H_008,C15002H_008,C15002H_008,C15002H_008,C15002H_008,C15002H_008,C15002H_008,C15002H_008,C15002H_008,,
female_white_nohisp_lths_a,,,,,,,,,,,,,P148I011
female_white_nohisp_lths_b,,,,,,,,,,,,,P148I012
female_white_nohisp_hs,C15002H_009,C15002H_009,C15002H_009,C15002H_009,C15002H_009,C15002H_009,C15002H_009,C15002H_009,C15002H_009,C15002H_009,C15002H_009,,P148I013
female_white_nohisp_somecoll,C15002H_010,C15002H_010,C15002H_010,C15002H_010,C15002H_010,C15002H_010,C15002H_010,C15002H_010,C15002H_010,C15002H_010,C15002H_010,,
female_white_nohisp_somecoll_a,,,,,,,,,,,,,P148I014
female_white_nohisp_somecoll_b,,,,,,,,,,,,,P148I015
female_white_nohisp_collplus,C15002H_011,C15002H_011,C15002H_011,C15002H_011,C15002H_011,C15002H_011,C15002H_011,C15002H_011,C15002H_011,C15002H_011,C15002H_011,,
female_white_nohisp_collplus_a,,,,,,,,,,,,,P148I016
female_white_nohisp_collplus_b,,,,,,,,,,,,,P148I017
male_hisp_lths,C15002I_003,C15002I_003,C15002I_003,C15002I_003,C15002I_003,C15002I_003,C15002I_003,C15002I_003,C15002I_003,C15002I_003,C15002I_003,,
male_hisp_lths_a,,,,,,,,,,,,,P148H003
male_hisp_lths_b,,,,,,,,,,,,,P148H004
male_hisp_hs,C15002I_004,C15002I_004,C15002I_004,C15002I_004,C15002I_004,C15002I_004,C15002I_004,C15002I_004,C15002I_004,C15002I_004,C15002I_004,,P148H005
male_hisp_somecoll,C15002I_005,C15002I_005,C15002I_005,C15002I_005,C15002I_005,C15002I_005,C15002I_005,C15002I_005,C15002I_005,C15002I_005,C15002I_005,,
male_hisp_somecoll_a,,,,,,,,,,,,,P148H006
male_hisp_somecoll_b,,,,,,,,,,,,,P148H007
male_hisp_collplus,C15002I_006,C15002I_006,C15002I_006,C15002I_006,C15002I_006,C15002I_006,C15002I_006,C15002I_006,C15002I_006,C15002I_006,C15002I_006,,
male_hisp_collplus_a,,,,,,,,,,,,,P148H008
male_hisp_collplus_b,,,,,,,,,,,,,P148H009
female_hisp_lths,C15002I_008,C15002I_008,C15002I_008,C15002I_008,C15002I_008,C15002I_008,C15002I_008,C15002I_008,C15002I_008,C15002I_008,C15002I_008,,
female_hisp_lths_a,,,,,,,,,,,,,P148H011
female_hisp_lths_b,,,,,,,,,,,,,P148H012
female_hisp_hs,C15002I_009,C15002I_009,C15002I_009,C15002I_009,C15002I_009,C15002I_009,C15002I_009,C15002I_009,C15002I_009,C15002I_009,C15002I_009,,P148H013
female_hisp_somecoll,C15002I_010,C15002I_010,C15002I_010,C15002I_010,C15002I_010,C15002I_010,C15002I_010,C15002I_010,C15002I_010,C15002I_010,C15002I_010,,
female_hisp_somecoll_a,,,,,,,,,,,,,P148H014
female_hisp_somecoll_b,,,,,,,,,,,,,P148H015
female_hisp_collplus,C15002I_011,C15002I_011,C15002I_011,C15002I_011,C15002I_011,C15002I_011,C15002I_011,C15002I_011,C15002I_011,C15002I_011,C15002I_011,,
female_hisp_collplus_a,,,,,,,,,,,,,P148H016
female_hisp_collplus_b,,,,,,,,,,,,,P148H017
est_nev_married_m,DP02_0026,DP02_0026,DP02_0025,DP02_0025,DP02_0025,DP02_0025,DP02_0025,DP02_0025,DP02_0025,DP02_0025,DP02_0025,,P018003
est_married_m,DP02_0027,DP02_0027,DP02_0026,DP02_0026,DP02_0026,DP02_0026,DP02_0026,DP02_0026,DP02_0026,DP02_0026,DP02_0026,,P018004
est_separated_m,DP02_0028,DP02_0028,DP02_0027,DP02_0027,DP02_0027,DP02_0027,DP02_0027,DP02_0027,DP02_0027,DP02_0027,DP02_0027,,P018007
est_widowed_m,DP02_0029,DP02_0029,DP02_0028,DP02_0028,DP02_0028,DP02_0028,DP02_0028,DP02_0028,DP02_0028,DP02_0028,DP02_0028,,P018009
est_divorced_m,DP02_0030,DP02_0030,DP02_0029,DP02_0029,DP02_0029,DP02_0029,DP02_0029,DP02_0029,DP02_0029,DP02_0029,DP02_0029,,P018010
est_nev_married_f,DP02_0032,DP02_0032,DP02_0031,DP02_0031,DP02_0031,DP02_0031,DP02_0031,DP02_0031,DP02_0031,DP02_0031,DP02_0031,,P018012
est_married_f,DP02_0033,DP02_0033,DP02_0032,DP02_0032,DP02_0032,DP02_0032,DP02_0032,DP02_0032,DP02_0032,DP02_0032,DP02_0032,,P018013
est_separated_f,DP02_0034,DP02_0034,DP02_0033,DP02_0033,DP02_0033,DP02_0033,DP02_0033,DP02_0033,DP02_0033,DP02_0033,DP02_0033,,P018016
est_widowed_f,DP02_0035,DP02_0035,DP02_0034,DP02_0034,DP02_0034,DP02_0034,DP02_0034,DP02_0034,DP02_0034,DP02_0034,DP02_0034,,P018018
est_divorced_f,DP02_0036,DP02_0036,DP02_0035,DP02_0035,DP02_0035,DP02_0035,DP02_0035,DP02_0035,DP02_0035,DP02_0035,DP02_0035,,P018019
est_15_50_births_12mo,DP02_0037,DP02_0037,DP02_0036,DP02_0036,DP02_0036,DP02_0036,DP02_0036,DP02_0036,DP02_0036,DP02_0036,DP02_0036,,
est_unmarried_15_50_births_12mo,DP02_0038,DP02_0038,DP02_0037,DP02_0037,DP02_0037,DP02_0037,DP02_0037,DP02_0037,DP02_0037,DP02_0037,DP02_0037,,
est_vet_status_civilian,DP02_0070,DP02_0070,DP02_0069,DP02_0069,DP02_0069,DP02_0069,DP02_0069,DP02_0069,DP02_0069,DP02_0069,DP02_0069,,P040001
est_disability_civilian,DP02_0072,DP02_0072,DP02_0071,DP02_0071,DP02_0071,DP02_0071,DP02_0071,DP02_0071,DP02_0071,DP02_0071,DP02_0071,,
est_disability_civilian_1,,,,,,,,,,,,,P042004
est_disability_civilian_2,,,,,,,,,,,,,P042007
est_disability_civilian_3,,,,,,,,,,,,,P042014
est_disability_civilian_4,,,,,,,,,,,,,P042021
est_disability_civilian_5,,,,,,,,,,,,,P042024
est_disability_civilian_6,,,,,,,,,,,,,P042028
est_disability_civilian_7,,,,,,,,,,,,,P042031
est_disability_civilian_8,,,,,,,,,,,,,P042038
est_disability_civilian_9,,,,,,,,,,,,,P042045
est_disability_civilian_10,,,,,,,,,,,,,P042048
est_not_labor,DP03_0007,DP03_0007,DP03_0007,DP03_0007,DP03_0007,DP03_0007,DP03_0007,DP03_0007,DP03_0007,DP03_0007,DP03_0007,,
est_not_labor_a,,,,,,,,,,,,,P043008
est_not_labor_b,,,,,,,,,,,,,P043015
n_labor,DP03_0002,DP03_0002,DP03_0002,DP03_0002,DP03_0002,DP03_0002,DP03_0002,DP03_0002,DP03_0002,DP03_0002,DP03_0002,,
n_labor_a,,,,,,,,,,,,,P043003
n_labor_b,,,,,,,,,,,,,P043010
n_unemp,DP03_0005,DP03_0005,DP03_0005,DP03_0005,DP03_0005,DP03_0005,DP03_0005,DP03_0005,DP03_0005,DP03_0005,DP03_0005,,
n_unemp_a,,,,,,,,,,,,,P043007
n_unemp_b,,,,,,,,,,,,,P043014
est_ind_constr,DP03_0034,DP03_0034,DP03_0034,DP03_0034,DP03_0034,DP03_0034,DP03_0034,DP03_0034,DP03_0034,DP03_0034,DP03_0034,,
est_ind_constr_a,,,,,,,,,,,,,P049006
est_ind_constr_b,,,,,,,,,,,,,P049033
est_ind_manufact,DP03_0035,DP03_0035,DP03_0035,DP03_0035,DP03_0035,DP03_0035,DP03_0035,DP03_0035,DP03_0035,DP03_0035,DP03_0035,,
est_ind_manufact_a,,,,,,,,,,,,,P049007
est_ind_manufact_b,,,,,,,,,,,,,P049034
est_ind_transp,DP03_0038,DP03_0038,DP03_0038,DP03_0038,DP03_0038,DP03_0038,DP03_0038,DP03_0038,DP03_0038,DP03_0038,DP03_0038,,
est_ind_transp_a,,,,,,,,,,,,,P049010
est_ind_transp_b,,,,,,,,,,,,,P049037
total_pop,B01001_001,B01001_001,B01001_001,B01001_001,B01001_001,B01001_001,B01001_001,B01001_001,B01001_001,B01001_001,B01001_001,P012001,
male_age0_5,B01001_003,B01001_003,B01001_003,B01001_003,B01001_003,B01001_003,B01001_003,B01001_003,B01001_003,B01001_003,B01001_003,P012003,
male_age5_9,B01001_004,B01001_004,B01001_004,B01001_004,B01001_004,B01001_004,B01001_004,B01001_004,B01001_004,B01001_004,B01001_004,P012004,
male_age10_14,B01001_005,B01001_005,B01001_005,B01001_005,B01001_005,B01001_005,B01001_005,B01001_005,B01001_005,B01001_005,B01001_005,P012005,
male_age15_17,B01001_006,B01001_006,B01001_006,B01001_006,B01001_006,B01001_006,B01001_006,B01001_006,B01001_006,B01001_006,B01001_006,P012006,
male_age18_19,B01001_007,B01001_007,B01001_007,B01001_007,B01001_007,B01001_007,B01001_007,B01001_007,B01001_007,B01001_007,B01001_007,P012007,
male_age20,B01001_008,B01001_008,B01001_008,B01001_008,B01001_008,B01001_008,B01001_008,B01001_008,B01001_008,B01001_008,B01001_008,P012008,
male_age21,B01001_009,B01001_009,B01001_009,B01001_009,B01001_009,B01001_009,B01001_009,B01001_009,B01001_009,B01001_009,B01001_009,P012009,
male_age22_24,B01001_010,B01001_010,B01001_010,B01001_010,B01001_010,B01001_010,B01001_010,B01001_010,B01001_010,B01001_010,B01001_010,P012010,
male_age25_29,B01001_011,B01001_011,B01001_011,B01001_011,B01001_011,B01001_011,B01001_011,B01001_011,B01001_011,B01001_011,B01001_011,P012011,
male_age30_34,B01001_012,B01001_012,B01001_012,B01001_012,B01001_012,B01001_012,B01001_012,B01001_012,B01001_012,B01001_012,B01001_012,P012012,
male_age35_39,B01001_013,B01001_013,B01001_013,B01001_013,B01001_013,B01001_013,B01001_013,B01001_013,B01001_013,B01001_013,B01001_013,P012013,
male_age40_44,B01001_014,B01001_014,B01001_014,B01001_014,B01001_014,B01001_014,B01001_014,B01001_014,B01001_014,B01001_014,B01001_014,P012014,
male_age45_49,B01001_015,B01001_015,B01001_015,B01001_015,B01001_015,B01001_015,B01001_015,B01001_015,B01001_015,B01001_015,B01001_015,P012015,
male_age50_54,B01001_016,B01001_016,B01001_016,B01001_016,B01001_016,B01001_016,B01001_016,B01001_016,B01001_016,B01001_016,B01001_016,P012016,
male_age55_59,B01001_017,B01001_017,B01001_017,B01001_017,B01001_017,B01001_017,B01001_017,B01001_017,B01001_017,B01001_017,B01001_017,P012017,
male_age60_61,B01001_018,B01001_018,B01001_018,B01001_018,B01001_018,B01001_018,B01001_018,B01001_018,B01001_018,B01001_018,B01001_018,P012018,
male_age62_64,B01001_019,B01001_019,B01001_019,B01001_019,B01001_019,B01001_019,B01001_019,B01001_019,B01001_019,B01001_019,B01001_019,P012019,
male_age65_66,B01001_020,B01001_020,B01001_020,B01001_020,B01001_020,B01001_020,B01001_020,B01001_020,B01001_020,B01001_020,B01001_020,P012020,
male_age67_69,B01001_021,B01001_021,B01001_021,B01001_021,B01001_021,B01001_021,B01001_021,B01001_021,B01001_021,B01001_021,B01001_021,P012021,
male_age70_74,B01001_022,B01001_022,B01001_022,B01001_022,B01001_022,B01001_022,B01001_022,B01001_022,B01001_022,B01001_022,B01001_022,P012022,
male_age75_79,B01001_023,B01001_023,B01001_023,B01001_023,B01001_023,B01001_023,B01001_023,B01001_023,B01001_023,B01001_023,B01001_023,P012023,
male_age80_84,B01001_024,B01001_024,B01001_024,B01001_024,B01001_024,B01001_024,B01001_024,B01001_024,B01001_024,B01001_024,B01001_024,P012024,
male_age85p,B01001_025,B01001_025,B01001_025,B01001_025,B01001_025,B01001_025,B01001_025,B01001_025,B01001_025,B01001_025,B01001_025,P012025,
female_age0_5,B01001_027,B01001_027,B01001_027,B01001_027,B01001_027,B01001_027,B01001_027,B01001_027,B01001_027,B01001_027,B01001_027,P012027,
female_age5_9,B01001_028,B01001_028,B01001_028,B01001_028,B01001_028,B01001_028,B01001_028,B01001_028,B01001_028,B01001_028,B01001_028,P012028,
female_age10_14,B01001_029,B01001_029,B01001_029,B01001_029,B01001_029,B01001_029,B01001_029,B01001_029,B01001_029,B01001_029,B01001_029,P012029,
female_age15_17,B01001_030,B01001_030,B01001_030,B01001_030,B01001_030,B01001_030,B01001_030,B01001_030,B01001_030,B01001_030,B01001_030,P012030,
female_age18_19,B01001_031,B01001_031,B01001_031,B01001_031,B01001_031,B01001_031,B01001_031,B01001_031,B01001_031,B01001_031,B01001_031,P012031,
female_age20,B01001_032,B01001_032,B01001_032,B01001_032,B01001_032,B01001_032,B01001_032,B01001_032,B01001_032,B01001_032,B01001_032,P012032,
female_age21,B01001_033,B01001_033,B01001_033,B01001_033,B01001_033,B01001_033,B01001_033,B01001_033,B01001_033,B01001_033,B01001_033,P012033,
female_age22_24,B01001_034,B01001_034,B01001_034,B01001_034,B01001_034,B01001_034,B01001_034,B01001_034,B01001_034,B01001_034,B01001_034,P012034,
female_age25_29,B01001_035,B01001_035,B01001_035,B01001_035,B01001_035,B01001_035,B01001_035,B01001_035,B01001_035,B01001_035,B01001_035,P012035,
female_age30_34,B01001_036,B01001_036,B01001_036,B01001_036,B01001_036,B01001_036,B01001_036,B01001_036,B01001_036,B01001_036,B01001_036,P012036,
female_age35_39,B01001_037,B01001_037,B01001_037,B01001_037,B01001_037,B01001_037,B01001_037,B01001_037,B01001_037,B01001_037,B01001_037,P012037,
female_age40_44,B01001_038,B01001_038,B01001_038,B01001_038,B01001_038,B01001_038,B01001_038,B01001_038,B01001_038,B01001_038,B01001_038,P012038,
female_age45_49,B01001_039,B01001_039,B01001_039,B01001_039,B01001_039,B01001_039,B01001_039,B01001_039,B01001_039,B01001_039,B01001_039,P012039,
female_age50_54,B01001_040,B01001_040,B01001_040,B01001_040,B01001_040,B01001_040,B01001_040,B01001_040,B01001_040,B01001_040,B01001_040,P012040,
female_age55_59,B01001_041,B01001_041,B01001_041,B01001_041,B01001_041,B01001_041,B01001_041,B01001_041,B01001_041,B01001_041,B01001_041,P012041,
female_age60_61,B01001_042,B01001_042,B01001_042,B01001_042,B01001_042,B01001_042,B01001_042,B01001_042,B01001_042,B01001_042,B01001_042,P012042,
female_age62_64,B01001_043,B01001_043,B01001_043,B01001_043,B01001_043,B01001_043,B01001_043,B01001_043,B01001_043,B01001_043,B01001_043,P012043,
female_age65_66,B01001_044,B01001_044,B01001_044,B01001_044,B01001_044,B01001_044,B01001_044,B01001_044,B01001_044,B01001_044,B01001_044,P012044,
female_age67_69,B01001_045,B01001_045,B01001_045,B01001_045,B01001_045,B01001_045,B01001_045,B01001_045,B01001_045,B01001_045,B01001_045,P012045,
female_age70_74,B01001_046,B01001_046,B01001_046,B01001_046,B01001_046,B01001_046,B01001_046,B01001_046,B01001_046,B01001_046,B01001_046,P012046,
female_age75_79,B01001_047,B01001_047,B01001_047,B01001_047,B01001_047,B01001_047,B01001_047,B01001_047,B01001_047,B01001_047,B01001_047,P012047,
female_age80_84,B01001_048,B01001_048,B01001_048,B01001_048,B01001_048,B01001_048,B01001_048,B01001_048,B01001_048,B01001_048,B01001_048,P012048,
female_age85p,B01001_049,B01001_049,B01001_049,B01001_049,B01001_049,B01001_049,B01001_049,B01001_049,B01001_049,B01001_049,B01001_049,P012049,
av_hh_size,S1101_C01_002,S1101_C01_002,S1101_C01_002,S1101_C01_002,S1101_C01_002,S1101_C01_002,S1101_C01_002,S1101_C01_002,S1101_C01_002,S1101_C01_002,S1101_C01_002,P017001,
med_earn,B20017_001,B20017_001,B20017_001,B20017_001,B20017_001,B20017_001,B20017_001,B20017_001,B20017_001,B20017_001,B20017_001,,P085001
pov,B06012_002,B06012_002,B06012_002,B06012_002,B06012_002,B06012_002,B06012_002,B06012_002,B06012_002,B06012_002,B06012_002,,P087002
soc_security,B19055_002,B19055_002,B19055_002,B19055_002,B19055_002,B19055_002,B19055_002,B19055_002,B19055_002,B19055_002,B19055_002,,P062002
supp_security,B09010_002,B09010_002,B09010_002,B09010_002,B09010_002,B09010_002,B09010_002,B09010_002,B09010_002,B09010_002,B09010_002,,P063002
fam_marr_couple,B09002_002,B09002_002,B09002_002,B09002_002,B09002_002,B09002_002,B09002_002,B09002_002,B09002_002,B09002_002,B09002_002,,P016002
female_hh,B11002_009,B11002_009,B11002_009,B11002_009,B11002_009,B11002_009,B11002_009,B11002_009,B11002_009,B11002_009,B11002_009,,P016019
male_hh,B11002_006,B11002_006,B11002_006,B11002_006,B11002_006,B11002_006,B11002_006,B11002_006,B11002_006,B11002_006,B11002_006,,P016011
med_inc_fam_marr_couple,B19126_002,B19126_002,B19126_002,B19126_002,B19126_002,B19126_002,B19126_002,B19126_002,B19126_002,B19126_002,B19126_002,,PCT040002
med_inc_fam_female,B19126_009,B19126_009,B19126_009,B19126_009,B19126_009,B19126_009,B19126_009,B19126_009,B19126_009,B19126_009,B19126_009,,PCT040009
med_inc_fam_male,B19126_006,B19126_006,B19126_006,B19126_006,B19126_006,B19126_006,B19126_006,B19126_006,B19126_006,B19126_006,B19126_006,,PCT040006
p_est_labor_white,S2301_C02_012,S2301_C02_012,S2301_C02_012,S2301_C02_012,S2301_C02_012,S2301_C02_012,S2301_C02_010,S2301_C02_010,S2301_C02_010,S2301_C02_010,S2301_C02_010,,
p_est_labor_black,S2301_C02_013,S2301_C02_013,S2301_C02_013,S2301_C02_013,S2301_C02_013,S2301_C02_013,S2301_C02_011,S2301_C02_011,S2301_C02_011,S2301_C02_011,S2301_C02_011,,
p_est_labor_aian,S2301_C02_014,S2301_C02_014,S2301_C02_014,S2301_C02_014,S2301_C02_014,S2301_C02_014,S2301_C02_012,S2301_C02_012,S2301_C02_012,S2301_C02_012,S2301_C02_012,,
p_est_labor_asian,S2301_C02_015,S2301_C02_015,S2301_C02_015,S2301_C02_015,S2301_C02_015,S2301_C02_015,S2301_C02_013,S2301_C02_013,S2301_C02_013,S2301_C02_013,S2301_C02_013,,
p_est_labor_nhopi,S2301_C02_016,S2301_C02_016,S2301_C02_016,S2301_C02_016,S2301_C02_016,S2301_C02_016,S2301_C02_014,S2301_C02_014,S2301_C02_014,S2301_C02_014,S2301_C02_014,,
p_est_labor_other,S2301_C02_017,S2301_C02_017,S2301_C02_017,S2301_C02_017,S2301_C02_017,S2301_C02_017,S2301_C02_015,S2301_C02_015,S2301_C02_015,S2301_C02_015,S2301_C02_015,,
p_est_labor_multi,S2301_C02_018,S2301_C02_018,S2301_C02_018,S2301_C02_018,S2301_C02_018,S2301_C02_018,S2301_C02_016,S2301_C02_016,S2301_C02_016,S2301_C02_016,S2301_C02_016,,
p_est_labor_hisp,S2301_C02_019,S2301_C02_019,S2301_C02_019,S2301_C02_019,S2301_C02_019,S2301_C02_019,S2301_C02_017,S2301_C02_017,S2301_C02_017,S2301_C02_017,S2301_C02_017,,
p_est_labor_white_nohisp,S2301_C02_020,S2301_C02_020,S2301_C02_020,S2301_C02_020,S2301_C02_020,S2301_C02_020,S2301_C02_018,S2301_C02_018,S2301_C02_018,S2301_C02_018,S2301_C02_018,,
p_est_unemp_white,S2301_C04_012,S2301_C04_012,S2301_C04_012,S2301_C04_012,S2301_C04_012,S2301_C04_012,S2301_C04_010,S2301_C04_010,S2301_C04_010,S2301_C04_010,S2301_C04_010,,
p_est_unemp_black,S2301_C04_013,S2301_C04_013,S2301_C04_013,S2301_C04_013,S2301_C04_013,S2301_C04_013,S2301_C04_011,S2301_C04_011,S2301_C04_011,S2301_C04_011,S2301_C04_011,,
p_est_unemp_aian,S2301_C04_014,S2301_C04_014,S2301_C04_014,S2301_C04_014,S2301_C04_014,S2301_C04_014,S2301_C04_012,S2301_C04_012,S2301_C04_012,S2301_C04_012,S2301_C04_012,,
p_est_unemp_asian,S2301_C04_015,S2301_C04_015,S2301_C04_015,S2301_C04_015,S2301_C04_015,S2301_C04_015,S2301_C04_013,S2301_C04_013,S2301_C04_013,S2301_C04_013,S2301_C04_013,,
p_est_unemp_nhopi,S2301_C04_016,S2301_C04_016,S2301_C04_016,S2301_C04_016,S2301_C04_016,S2301_C04_016,S2301_C04_014,S2301_C04_014,S2301_C04_014,S2301_C04_014,S2301_C04_014,,
p_est_unemp_other,S2301_C04_017,S2301_C04_017,S2301_C04_017,S2301_C04_017,S2301_C04_017,S2301_C04_017,S2301_C04_015,S2301_C04_015,S2301_C04_015,S2301_C04_015,S2301_C04_015,,
p_est_unemp_multi,S2301_C04_018,S2301_C04_018,S2301_C04_018,S2301_C04_018,S2301_C04_018,S2301_C04_018,S2301_C04_016,S2301_C04_016,S2301_C04_016,S2301_C04_016,S2301_C04_016,,
p_est_unemp_hisp,S2301_C04_019,S2301_C04_019,S2301_C04_019,S2301_C04_019,S2301_C04_019,S2301_C04_019,S2301_C04_017,S2301_C04_017,S2301_C04_017,S2301_C04_017,S2301_C04_017,,
p_est_unemp_white_nohisp,S2301_C04_020,S2301_C04_020,S2301_C04_020,S2301_C04_020,S2301_C04_020,S2301_C04_020,S2301_C04_018,S2301_C04_018,S2301_C04_018,S2301_C04_018,S2301_C04_018,,
est_labor_white_a,,,,,,,,,,,,,P150A003
est_labor_white_b,,,,,,,,,,,,,P150A010
est_labor_black_a,,,,,,,,,,,,,P150B003
est_labor_black_b,,,,,,,,,,,,,P150B010
est_labor_aian_a,,,,,,,,,,,,,P150C003
est_labor_aian_b,,,,,,,,,,,,,P150C010
est_labor_asian_a,,,,,,,,,,,,,P150D003
est_labor_asian_b,,,,,,,,,,,,,P150D010
est_labor_nhopi_a,,,,,,,,,,,,,P150E003
est_labor_nhopi_b,,,,,,,,,,,,,P150E010
est_labor_other_a,,,,,,,,,,,,,P150F003
est_labor_other_b,,,,,,,,,,,,,P150F010
est_labor_multi_a,,,,,,,,,,,,,P150G003
est_labor_multi_b,,,,,,,,,,,,,P150G010
est_labor_hisp_a,,,,,,,,,,,,,P150H003
est_labor_hisp_b,,,,,,,,,,,,,P150H010
est_labor_white_nohisp_a,,,,,,,,,,,,,P150I003
est_labor_white_nohisp_b,,,,,,,,,,,,,P150I010
est_unemp_white_a,,,,,,,,,,,,,P150A007
est_unemp_white_b,,,,,,,,,,,,,P150A014
est_unemp_black_a,,,,,,,,,,,,,P150B007
est_unemp_black_b,,,,,,,,,,,,,P150B014
est_unemp_aian_a,,,,,,,,,,,,,P150C007
est_unemp_aian_b,,,,,,,,,,,,,P150C014
est_unemp_asian_a,,,,,,,,,,,,,P150D007
est_unemp_asian_b,,,,,,,,,,,,,P150D014
est_unemp_nhopi_a,,,,,,,,,,,,,P150E007
est_unemp_nhopi_b,,,,,,,,,,,,,P150E014
est_unemp_other_a,,,,,,,,,,,,,P150F007
est_unemp_other_b,,,,,,,,,,,,,P150F014
est_unemp_multi_a,,,,,,,,,,,,,P150G007
est_unemp_multi_b,,,,,,,,,,,,,P150G014
est_unemp_hisp_a,,,,,,,,,,,,,P150H007
est_unemp_hisp_b,,,,,,,,,,,,,P150H014
est_unemp_white_nohisp_a,,,,,,,,,,,,,P150I007
est_unemp_white_nohisp_b,,,,,,,,,,,,,P150I014